Pais,Anho,Puntaje_IPC,Puesto,Error Estandar
Guayana,2018,37,93,0.77
Santa Lucia,2013,71,22,0.8
Santa Lucia,2012,71,22,0.8
Kosovo,2019,36,101,0.8146842
Santa Lucia,2014,71,24,0.84
Dominica,2016,59,38,0.85
Santo Tomé y Príncipe,2016,46,62,0.93
Gabon,2016,35,101,0.97
Bahamas,2014,71,24,0.99
Bahamas,2013,71,22,1
Bahamas,2012,71,22,1
Congo,2019,19,165,1.031566
Congo,2018,19,165,1.04
Congo,2017,21,161,1.08
Bélgica,2018,75,17,1.09
Bélgica,2019,75,17,1.094819
Australia,2012,85,7,1.1
Mauritius,2013,52,51,1.1
Nicaragua,2018,25,152,1.13
República Centroafricana,2018,26,149,1.14
Bosnia y Herzegovina,2014,39,79,1.15
Nicaragua,2019,22,161,1.162477
Austria,2017,75,16,1.17
Francia,2018,72,21,1.17
Malta,2017,56,46,1.18
Tailandia,2013,35,101,1.2
Estonia,2019,74,18,1.209875
Algeria,2018,35,105,1.21
Turkmenistán,2018,20,161,1.22
Sudán del Sur,2019,12,179,1.263942
Australia,2018,77,13,1.27
Australia,2016,79,13,1.27
Angola,2017,19,167,1.28
Nicaragua,2017,26,151,1.29
Afganistán,2014,12,171,1.29
Reino Unido,2013,76,14,1.3
Reino Unido,2012,74,17,1.3
Sri Lanka,2012,40,78,1.3
Laos,2012,21,159,1.3
Guinea Ecuatorial,2012,20,162,1.3
Australia,2014,80,11,1.31
Angola,2018,19,165,1.31
Australia,2019,77,12,1.317929
Malta,2015,60,34,1.32
Turkmenistán,2016,22,154,1.32
Suecia,2016,88,4,1.33
República Centroafricana,2014,24,149,1.33
Bélgica,2015,77,15,1.34
Austria,2016,75,17,1.36
Francia,2017,70,23,1.36
Lituania,2016,59,38,1.36
Polonia,2017,60,36,1.36
Etiopía,2017,35,107,1.36
Austria,2018,76,14,1.37
Etiopía,2016,34,108,1.37
Panama,2019,36,101,1.374419
Mali,2018,32,120,1.38
Malta,2018,54,51,1.39
Malta,2016,55,47,1.39
Corea del Norte,2018,14,176,1.39
Corea del Norte,2016,12,174,1.39
Afganistán,2017,15,177,1.39
Australia,2017,77,13,1.4
Uruguay,2013,73,19,1.4
Mongolia,2017,36,103,1.4
Nepal,2013,31,115,1.4
Uruguay,2014,73,21,1.41
Venezuela,2016,17,166,1.41
Afganistán,2018,16,172,1.41
Turkmenistán,2019,19,165,1.417115
República Democrática del Congo,2019,18,168,1.426883
República Centroafricana,2019,25,153,1.428002
Estonia,2018,73,18,1.44
República Centroafricana,2015,24,145,1.44
Yemen,2018,14,176,1.45
Sudán del Sur,2015,15,163,1.45
Finlandia,2016,89,3,1.46
Canada,2017,82,8,1.49
Israel,2018,61,34,1.49
Mauritius,2015,53,45,1.49
Kosovo,2018,37,93,1.49
Australia,2015,79,13,1.5
Australia,2013,81,9,1.5
Uruguay,2012,72,20,1.5
Senegal,2013,41,76,1.5
Kosovo,2012,34,104,1.5
Malawi,2012,37,87,1.5
Gabon,2013,34,105,1.5
Albania,2014,33,109,1.51
Etiopía,2019,37,96,1.516015
Etiopía,2018,34,114,1.52
Burundi,2016,20,159,1.53
Moldova,2017,31,122,1.54
Bélgica,2016,77,15,1.55
Tanzania,2017,36,103,1.55
Filipinas,2018,36,99,1.55
Malta,2019,54,50,1.551156
Mexico,2016,30,123,1.56
Sudán del Sur,2017,12,179,1.56
Austria,2019,77,12,1.568815
Suiza,2018,85,3,1.57
Suiza,2016,86,5,1.57
Filipinas,2016,35,101,1.58
Suiza,2019,85,4,1.580087
Filipinas,2019,34,113,1.585877
Noruega,2012,85,7,1.6
Luxemburgo,2015,85,7,1.6
Botswana,2013,64,30,1.6
Israel,2013,61,35,1.6
Etiopía,2012,33,112,1.6
Tailandia,2014,38,84,1.6
Tailandia,2012,37,87,1.6
Mozambique,2012,31,122,1.6
Venezuela,2017,18,169,1.6
Sudán del Sur,2013,14,172,1.6
India,2019,41,80,1.604926
Canada,2015,83,10,1.63
Bélgica,2017,75,16,1.63
Sri Lanka,2016,36,95,1.64
Ucrania,2014,26,142,1.64
Noruega,2019,84,7,1.646693
Albania,2018,36,99,1.65
Gabon,2015,34,98,1.65
San Vicente y las Granadinas,2016,60,35,1.66
Mexico,2014,35,102,1.66
Uruguay,2015,74,21,1.68
Jamaica,2015,41,69,1.68
Colombia,2014,37,93,1.68
Angola,2016,18,164,1.68
Polonia,2018,60,36,1.69
Mexico,2017,29,135,1.69
Venezuela,2014,19,160,1.69
Finlandia,2013,89,3,1.7
Reino Unido,2017,82,8,1.7
Bosnia y Herzegovina,2016,39,83,1.7
Mongolia,2016,38,87,1.7
Malawi,2013,37,90,1.7
Ucrania,2013,25,143,1.7
Mexico,2012,34,104,1.7
Guinea Bissau,2017,17,171,1.7
Suecia,2015,89,4,1.71
Suiza,2017,85,3,1.71
Bosnia y Herzegovina,2015,38,76,1.71
Maldivas,2017,33,112,1.71
Angola,2014,19,160,1.71
Niger,2019,32,120,1.715677
Tunisia,2014,40,78,1.72
Kenya,2016,26,145,1.72
Mexico,2019,29,130,1.725735
Chile,2014,73,21,1.74
Marruecos,2016,37,90,1.74
Afganistán,2016,15,169,1.74
Somalia,2019,9,180,1.740826
Singapur,2014,84,7,1.75
Mali,2016,32,116,1.75
Nepal,2019,34,113,1.759387
Austria,2015,76,16,1.76
Argentina,2016,36,95,1.76
Panama,2018,37,93,1.76
Mongolia,2015,39,72,1.76
Finlandia,2015,90,3,1.77
Polonia,2016,62,29,1.77
Malawi,2019,31,123,1.779217
Congo,2016,20,159,1.78
Turkmenistán,2017,19,167,1.78
Panama,2017,37,96,1.79
Chile,2013,71,22,1.8
Senegal,2012,36,93,1.8
Jamaica,2014,38,84,1.8
Jamaica,2013,38,82,1.8
Turquia,2017,40,81,1.8
Turquia,2016,41,75,1.8
Eswatini,2013,39,81,1.8
Ucrania,2012,26,143,1.8
Kirguistán,2012,24,153,1.8
Mexico,2013,34,105,1.8
Angola,2015,15,163,1.8
Angola,2012,22,156,1.8
Bután,2014,65,30,1.81
Bahréin,2018,36,99,1.81
Bahréin,2017,36,103,1.81
Burkina Faso,2018,41,78,1.81
Albania,2017,38,91,1.81
Haití,2016,20,159,1.81
Sri Lanka,2017,38,91,1.82
Kenya,2018,27,144,1.82
Angola,2019,26,146,1.821627
Noruega,2017,85,3,1.83
Bután,2017,67,26,1.83
Tanzania,2018,36,99,1.83
Mexico,2018,28,138,1.83
Argentina,2015,32,106,1.84
Jamaica,2016,39,83,1.84
Guayana,2017,38,91,1.84
Tanzania,2016,32,116,1.84
Filipinas,2014,38,84,1.84
Polonia,2019,58,41,1.84505
Noruega,2016,85,6,1.85
Sri Lanka,2018,38,89,1.85
Algeria,2015,36,88,1.85
Nepal,2018,31,124,1.85
Malawi,2017,31,122,1.85
Yemen,2017,16,175,1.85
Bosnia y Herzegovina,2018,38,89,1.86
Sudán del Sur,2018,13,178,1.86
Republica Checa,2019,56,44,1.868036
Nigeria,2019,26,146,1.868129
Cuba,2019,48,60,1.869706
Alemania,2017,81,12,1.87
Iraq,2016,17,166,1.87
Kuwait,2019,40,85,1.879429
Chile,2018,67,27,1.88
Yemen,2019,15,177,1.885994
Mongolia,2019,35,106,1.887561
Mali,2015,35,95,1.89
República Dominicana,2016,31,120,1.89
Mozambique,2014,31,118,1.89
Suecia,2012,88,4,1.9
Hong Kong,2012,77,14,1.9
Botswana,2012,65,30,1.9
Tunisia,2013,41,76,1.9
Filipinas,2017,34,111,1.9
Sierra Leona,2012,31,122,1.9
Madagascar,2013,28,126,1.9
Somalia,2013,8,174,1.9
Tanzania,2019,37,96,1.918592
Lituania,2015,59,36,1.92
Filipinas,2015,35,95,1.92
Siria,2018,13,178,1.92
Siria,2019,13,178,1.921515
Botswana,2014,63,31,1.93
Zambia,2018,35,105,1.93
Ucrania,2015,27,130,1.93
Uzbekistán,2018,23,158,1.93
Siria,2017,14,178,1.93
Colombia,2015,37,83,1.94
Mongolia,2018,37,93,1.94
Kenya,2017,28,143,1.94
Sierra Leona,2017,30,130,1.95
Bosnia y Herzegovina,2019,36,101,1.952692
Luxemburgo,2019,80,9,1.954564
Luxemburgo,2016,81,10,1.96
China,2017,41,77,1.96
Ecuador,2016,31,120,1.96
República Democrática del Congo,2017,21,161,1.96
Holanda,2014,83,8,1.97
Ucrania,2016,29,131,1.97
Mozambique,2015,31,111,1.97
Nigeria,2017,27,148,1.97
Guinea Bissau,2018,16,172,1.97
Siria,2016,13,173,1.97
Zambia,2019,34,113,1.973667
Suecia,2019,85,4,1.977693
Singapur,2018,85,3,1.98
Holanda,2015,84,9,1.98
Republica Checa,2017,57,42,1.98
El Salvador,2014,39,79,1.98
Nigeria,2016,28,136,1.98
Nicaragua,2016,26,145,1.98
Israel,2019,60,35,1.989104
Albania,2016,39,83,1.99
Dinamarca,2012,90,1,2
Holanda,2013,83,8,2
Holanda,2012,84,9,2
Polonia,2012,58,40,2
Colombia,2013,36,93,2
Albania,2012,33,112,2
El Salvador,2013,38,82,2
Nepal,2017,31,122,2
Mozambique,2013,30,118,2
Uzbekistán,2013,17,167,2
Uzbekistán,2012,17,169,2
Libia,2016,14,170,2
Uzbekistán,2019,25,153,2.01073
Suecia,2018,85,3,2.02
Singapur,2015,85,7,2.02
Croatia,2015,51,50,2.02
China,2018,39,87,2.02
Turquia,2015,42,66,2.02
Canada,2016,82,9,2.03
Reino Unido,2018,80,11,2.03
Chile,2017,67,26,2.03
Namibia,2016,52,53,2.03
Tailandia,2017,37,96,2.03
Costa de Marfil,2017,36,103,2.03
Costa de Marfil,2016,34,108,2.03
Nigeria,2018,27,144,2.03
Nicaragua,2014,28,132,2.03
Uganda,2019,28,137,2.035011
Dinamarca,2014,92,1,2.04
Perú,2016,35,101,2.04
Singapur,2019,85,4,2.0484
Venezuela,2019,16,173,2.048858
Finlandia,2014,89,3,2.05
Costa de Marfil,2018,35,105,2.05
Haití,2017,22,157,2.05
Algeria,2014,36,99,2.06
Pakistán,2018,33,117,2.06
Senegal,2019,45,66,2.063146
Luxemburgo,2017,82,8,2.08
Tailandia,2018,36,99,2.08
Kirguistán,2016,28,136,2.08
Mali,2017,31,122,2.08
Reino Unido,2014,78,14,2.09
Sri Lanka,2015,37,83,2.09
Guinea Bissau,2016,16,168,2.09
Singapur,2012,87,5,2.1
Chile,2012,72,20,2.1
India,2012,36,93,2.1
Guayana,2012,28,132,2.1
Turquia,2012,49,53,2.1
Sri Lanka,2013,37,90,2.1
Tanzania,2012,35,101,2.1
Perú,2012,38,82,2.1
Albania,2013,31,115,2.1
Eswatini,2012,37,87,2.1
Zambia,2013,38,82,2.1
Gabon,2012,35,101,2.1
Nicaragua,2012,29,129,2.1
Guinea Bissau,2012,25,149,2.1
Venezuela,2012,19,164,2.1
China,2019,41,80,2.100923
Pakistán,2017,32,117,2.11
Malawi,2016,31,120,2.11
Líbano,2017,28,143,2.11
Uganda,2017,26,151,2.11
Uzbekistán,2017,22,157,2.11
Sri Lanka,2019,38,93,2.113032
Reino Unido,2016,81,10,2.12
Bután,2016,65,27,2.12
Tailandia,2015,38,76,2.12
Pakistán,2016,32,116,2.12
Kosovo,2017,39,85,2.13
Mongolia,2014,39,79,2.13
Moldova,2018,33,117,2.13
Uganda,2018,26,149,2.13
República Democrática del Congo,2018,20,161,2.13
República Democrática del Congo,2016,21,156,2.13
Venezuela,2018,18,168,2.13
Noruega,2018,84,7,2.14
Bután,2015,65,27,2.14
Portugal,2018,64,30,2.14
Mauritius,2016,54,50,2.14
Chile,2015,70,23,2.15
Dinamarca,2015,91,1,2.16
Canada,2018,81,9,2.16
Estonia,2016,70,22,2.16
India,2017,40,81,2.16
Dominica,2019,55,48,2.164824
Kenya,2019,28,137,2.167752
Francia,2014,69,27,2.17
Tunisia,2015,38,76,2.17
China,2014,36,99,2.17
Sierra Leona,2018,30,129,2.17
Burkina Faso,2017,42,74,2.18
Sri Lanka,2014,38,84,2.18
Moldova,2016,30,123,2.18
Israel,2017,62,32,2.19
Kosovo,2015,33,102,2.19
Guatemala,2017,28,143,2.19
Ecuador,2019,38,93,2.19252
Dinamarca,2013,91,1,2.2
Nueva Zelanda,2012,90,1,2.2
Canada,2012,84,9,2.2
Montenegro,2013,44,66,2.2
Bulgaria,2016,41,75,2.2
Jamaica,2012,38,82,2.2
India,2013,36,93,2.2
Panama,2013,35,101,2.2
Mongolia,2013,38,82,2.2
Filipinas,2012,34,104,2.2
Nepal,2014,29,125,2.2
Uganda,2012,29,129,2.2
Rusia,2012,28,132,2.2
Kenya,2012,27,138,2.2
Guinea Ecuatorial,2013,19,162,2.2
Yemen,2012,23,155,2.2
Estonia,2017,71,21,2.21
Lituania,2017,59,38,2.21
Republica Checa,2015,56,38,2.21
Zimbabwe,2017,22,157,2.22
Holanda,2017,82,8,2.23
Guatemala,2019,26,146,2.231707
Noruega,2015,88,5,2.24
Corea del Sur,2017,54,51,2.24
Republica Checa,2016,55,47,2.24
Maldivas,2018,31,124,2.24
Uganda,2016,25,151,2.24
Nigeria,2015,26,136,2.24
Libia,2019,18,168,2.241052
Holanda,2019,82,8,2.247029
Cambodia,2014,21,155,2.25
Singapur,2017,84,6,2.26
Bélgica,2014,76,15,2.26
Italy,2014,43,68,2.26
El Salvador,2015,39,72,2.26
Somalia,2017,9,180,2.26
Suecia,2017,84,6,2.27
Israel,2016,64,28,2.27
India,2014,38,84,2.27
Colombia,2016,37,90,2.27
Zambia,2014,38,84,2.27
Ucrania,2018,32,120,2.27
Ucrania,2017,30,130,2.27
Líbano,2019,28,137,2.271487
Nueva Zelanda,2014,91,2,2.28
Republica Checa,2018,59,38,2.28
Senegal,2014,43,68,2.28
Líbano,2018,28,138,2.28
Francia,2019,69,23,2.280289
Slovenia,2019,60,35,2.283508
Nueva Zelanda,2019,87,1,2.28649
Corea del Sur,2015,54,43,2.29
Panama,2016,38,87,2.29
Kirguistán,2015,28,123,2.29
Zimbabwe,2018,22,160,2.29
Malasia,2019,53,51,2.292706
Nueva Zelanda,2013,91,1,2.3
Suecia,2013,89,3,2.3
Singapur,2013,86,5,2.3
Noruega,2013,86,5,2.3
Holanda,2018,82,8,2.3
Alemania,2012,79,13,2.3
Bélgica,2013,75,15,2.3
Japón,2012,74,17,2.3
Lituania,2018,59,38,2.3
Polonia,2013,60,37,2.3
Dominica,2013,58,40,2.3
Dominica,2012,58,40,2.3
Bosnia y Herzegovina,2012,42,71,2.3
Kosovo,2013,33,110,2.3
Costa de Marfil,2013,27,135,2.3
Sierra Leona,2014,31,118,2.3
Pakistán,2012,27,138,2.3
Kirguistán,2013,24,149,2.3
Líbano,2012,30,127,2.3
Rusia,2013,28,126,2.3
Iraq,2012,18,168,2.3
Venezuela,2013,20,159,2.3
Somalia,2012,8,173,2.3
Zimbabwe,2019,24,158,2.307745
Sudán,2017,16,175,2.31
Lituania,2019,60,35,2.319473
Nueva Zelanda,2015,91,1,2.32
Holanda,2016,83,8,2.32
Luxemburgo,2018,81,9,2.32
Algeria,2017,33,112,2.32
Honduras,2017,29,135,2.32
Somalia,2015,8,167,2.32
Corea del Sur,2016,53,52,2.33
Kosovo,2014,33,109,2.33
Nepal,2016,29,131,2.33
Israel,2014,60,37,2.34
Dominica,2014,58,39,2.34
China,2015,37,83,2.34
Somalia,2014,8,173,2.34
Singapur,2016,84,7,2.35
Botswana,2015,63,29,2.35
Kirguistán,2014,27,135,2.35
Togo,2018,30,129,2.35
Uzbekistán,2016,21,156,2.35
Chad,2015,22,147,2.35
Sudán del Sur,2014,15,170,2.35
Cuba,2017,47,62,2.36
Tayikistán,2017,21,161,2.36
Hong Kong,2017,77,13,2.37
Slovenia,2018,60,36,2.37
Kirguistán,2018,29,132,2.37
Guinea,2017,27,148,2.37
Iraq,2014,16,169,2.37
Guinea Bissau,2014,19,160,2.37
Yemen,2014,19,160,2.37
Papúa Nueva Guinea,2019,28,137,2.379799
Noruega,2014,86,5,2.38
Turkmenistán,2015,18,154,2.38
Ucrania,2019,30,126,2.380559
Mauritius,2014,54,47,2.39
Croatia,2016,49,55,2.39
China,2016,40,79,2.39
Indonesia,2016,37,90,2.39
Moldova,2019,32,120,2.395228
Nueva Zelanda,2017,89,1,2.4
Alemania,2013,78,12,2.4
Canada,2013,81,9,2.4
Reino Unido,2015,81,11,2.4
Austria,2012,69,25,2.4
Hong Kong,2013,75,15,2.4
Bélgica,2012,75,16,2.4
Japón,2013,74,18,2.4
Francia,2013,71,22,2.4
Francia,2012,71,22,2.4
Corea del Sur,2013,55,45,2.4
Corea del Sur,2012,56,44,2.4
Chipre,2012,66,29,2.4
Malta,2013,56,44,2.4
Malta,2012,57,42,2.4
Italy,2012,42,71,2.4
Jordán,2013,45,65,2.4
Argentina,2013,34,105,2.4
Turquia,2013,50,52,2.4
Costa de Marfil,2012,29,129,2.4
Nepal,2012,27,138,2.4
Sierra Leona,2013,30,118,2.4
Honduras,2012,28,132,2.4
República Centroafricana,2012,26,143,2.4
Nicaragua,2013,28,126,2.4
Iraq,2013,16,170,2.4
Guinea Bissau,2013,19,162,2.4
Togo,2019,29,130,2.4049
Gabon,2019,31,123,2.407603
Sudáfrica,2014,44,66,2.41
Bulgaria,2018,42,77,2.41
Malawi,2015,31,111,2.41
Mauritania,2017,28,143,2.41
Croatia,2019,47,63,2.417929
Argentina,2014,34,106,2.42
India,2018,41,78,2.42
Honduras,2018,29,132,2.42
Camerún,2019,25,153,2.424488
Bulgaria,2015,41,69,2.43
Camerún,2018,25,152,2.43
Cambodia,2017,21,161,2.43
Corea del Sur,2019,59,39,2.438926
Nueva Zelanda,2018,87,2,2.44
Slovenia,2016,61,31,2.44
Tailandia,2016,35,101,2.44
Tailandia,2019,36,101,2.448041
Canada,2014,81,10,2.45
Montenegro,2017,46,64,2.45
Chad,2019,20,162,2.451336
Dinamarca,2016,90,1,2.46
Malasia,2016,49,55,2.46
Vietnam,2016,33,113,2.46
Zambia,2017,37,96,2.46
Pakistán,2019,32,120,2.461317
Hong Kong,2018,76,14,2.47
India,2016,40,79,2.47
Kuwait,2017,39,85,2.47
Burkina Faso,2016,42,72,2.47
Egipto,2015,36,88,2.47
Papúa Nueva Guinea,2018,28,138,2.47
Irán,2016,29,131,2.47
Iraq,2017,18,169,2.47
Haití,2018,20,161,2.47
Uruguay,2019,71,21,2.472212
Madagascar,2019,24,158,2.475335
Rusia,2019,28,137,2.476439
Hong Kong,2015,75,18,2.48
Trinidad y Tobago,2016,35,101,2.48
Serbia,2019,39,91,2.484553
Costa de Marfil,2019,35,106,2.488668
Alemania,2018,80,11,2.49
Francia,2015,70,23,2.49
Colombia,2019,37,96,2.493945
Guinea,2019,29,130,2.499444
Suiza,2013,85,7,2.5
Alemania,2015,81,11,2.5
Portugal,2015,64,28,2.5
Portugal,2012,63,34,2.5
Italy,2015,44,61,2.5
Italy,2013,43,68,2.5
Grecia,2016,44,69,2.5
Sudáfrica,2012,43,68,2.5
Etiopía,2013,33,110,2.5
Vietnam,2012,31,122,2.5
Perú,2013,38,82,2.5
Filipinas,2013,36,93,2.5
Azerbaiyán,2012,27,138,2.5
Líbano,2016,28,136,2.5
Rusia,2017,29,135,2.5
Honduras,2013,26,139,2.5
Nicaragua,2015,27,130,2.5
Chad,2012,19,164,2.5
Iraq,2015,16,161,2.5
Albania,2019,35,106,2.507669
Grecia,2018,45,67,2.51
Senegal,2018,45,67,2.51
Colombia,2018,36,99,2.51
Rusia,2018,28,138,2.51
Sudán,2018,16,172,2.51
Senegal,2017,45,66,2.52
Rusia,2015,29,119,2.52
Ghana,2018,41,78,2.54
Etiopía,2014,33,109,2.54
Guinea,2016,27,142,2.54
Uzbekistán,2014,18,165,2.54
Kirguistán,2019,30,126,2.540632
Dinamarca,2019,87,1,2.542474
Burkina Faso,2019,40,85,2.542852
Suiza,2015,86,6,2.55
Dominica,2018,57,45,2.55
Dominica,2017,57,42,2.55
Sudáfrica,2016,45,64,2.55
Vietnam,2014,31,118,2.55
Zambia,2015,38,76,2.55
Papúa Nueva Guinea,2017,29,135,2.55
Chile,2019,67,26,2.552611
Afganistán,2019,16,173,2.554536
Nueva Zelanda,2016,90,1,2.56
Portugal,2017,63,29,2.56
Cuba,2018,47,61,2.56
Ghana,2017,40,81,2.56
Vietnam,2015,31,111,2.56
Bosnia y Herzegovina,2017,38,91,2.56
República Dominicana,2017,29,135,2.56
Guatemala,2018,27,144,2.56
El Salvador,2019,34,113,2.563654
Grecia,2019,48,60,2.56823
Maldivas,2019,29,130,2.569968
República Dominicana,2018,30,129,2.57
Mozambique,2016,27,142,2.57
Libia,2018,17,170,2.57
Hungria,2019,44,70,2.577171
Alemania,2014,79,12,2.58
Portugal,2016,62,29,2.58
Guatemala,2016,28,136,2.58
Camerún,2017,25,153,2.58
Cambodia,2018,20,161,2.58
Polonia,2015,63,29,2.59
El Salvador,2018,35,105,2.59
Kirguistán,2017,29,135,2.59
Zimbabwe,2016,22,154,2.59
Algeria,2019,35,106,2.590262
Suiza,2012,86,6,2.6
Bután,2013,63,31,2.6
Argentina,2012,35,101,2.6
Marruecos,2017,40,81,2.6
Serbia,2012,39,79,2.6
Colombia,2012,36,93,2.6
Vietnam,2013,31,115,2.6
Mongolia,2012,36,93,2.6
Moldova,2012,36,93,2.6
Guatemala,2013,29,122,2.6
Burundi,2013,21,156,2.6
Yemen,2013,18,166,2.6
Suiza,2014,86,5,2.61
Senegal,2015,44,61,2.61
Sudáfrica,2015,44,61,2.61
Malawi,2018,32,120,2.61
Rusia,2014,27,135,2.61
Bangladesh,2019,26,146,2.617282
Hong Kong,2016,77,15,2.62
Mali,2019,29,130,2.620483
Dinamarca,2018,88,1,2.63
Malta,2014,55,43,2.63
Senegal,2016,45,64,2.63
Perú,2014,38,84,2.63
República Dominicana,2015,33,102,2.63
Bangladesh,2018,26,149,2.63
Iraq,2018,18,168,2.63
Guinea Bissau,2015,17,158,2.63
Benin,2019,41,80,2.639245
Corea del Sur,2014,55,43,2.64
Croatia,2017,49,57,2.64
Mozambique,2018,23,158,2.64
Madagascar,2018,25,152,2.64
Venezuela,2015,17,158,2.64
Chile,2016,66,24,2.65
Costa de Marfil,2015,32,106,2.65
Burundi,2018,17,170,2.65
Japón,2017,73,20,2.66
Bulgaria,2017,43,71,2.66
Ecuador,2017,32,117,2.66
Yemen,2015,18,154,2.66
Liberia,2019,28,137,2.667331
Uruguay,2017,70,23,2.67
Malasia,2017,47,62,2.67
Kuwait,2016,41,75,2.67
Burkina Faso,2014,38,84,2.67
Guinea,2018,28,138,2.67
Chad,2016,20,159,2.67
Uruguay,2016,71,21,2.68
Paraguay,2016,30,123,2.68
Turquia,2014,45,63,2.69
República Dominicana,2019,28,137,2.699341
Estonia,2013,68,28,2.7
Polonia,2014,61,35,2.7
Argentina,2018,40,85,2.7
Armenia,2012,34,104,2.7
Tanzania,2013,33,110,2.7
Moldova,2014,35,102,2.7
Guinea,2012,24,153,2.7
República Dominicana,2012,32,117,2.7
Kenya,2013,27,135,2.7
Guatemala,2012,33,112,2.7
Nigeria,2012,27,138,2.7
Siria,2012,26,143,2.7
Costa Rica,2015,55,40,2.71
Uzbekistán,2015,19,153,2.71
Egipto,2016,34,108,2.72
Madagascar,2017,24,155,2.72
Mauritania,2019,28,137,2.729102
Alemania,2016,81,10,2.73
Uruguay,2018,70,23,2.73
Etiopía,2015,33,102,2.73
Nepal,2015,27,130,2.73
Rusia,2016,29,131,2.73
Chad,2017,20,165,2.73
Finlandia,2018,85,3,2.74
Botswana,2017,61,34,2.74
Corea del Sur,2018,57,45,2.74
Haití,2015,17,158,2.74
Sudán,2019,16,173,2.743431
Dinamarca,2017,88,2,2.75
Hong Kong,2014,74,17,2.75
Namibia,2015,53,45,2.75
Bután,2019,68,25,2.756646
Ghana,2019,41,80,2.756812
Botswana,2018,61,34,2.76
Letonia,2015,56,38,2.76
El Salvador,2016,36,95,2.76
Romania,2019,44,70,2.764848
Bulgaria,2019,43,74,2.768014
Croatia,2018,48,60,2.77
Colombia,2017,37,96,2.77
Luxemburgo,2014,82,9,2.78
Slovenia,2017,61,34,2.78
Israel,2015,61,32,2.78
Vietnam,2017,35,107,2.78
Estonia,2015,70,23,2.79
Hungria,2018,46,64,2.79
Canada,2019,77,12,2.796791
Luxemburgo,2012,80,12,2.8
Islandia,2013,78,12,2.8
Sudáfrica,2013,42,71,2.8
Tunisia,2012,41,74,2.8
Serbia,2017,41,77,2.8
Algeria,2013,36,93,2.8
El Salvador,2012,38,82,2.8
Moldova,2013,35,101,2.8
Angola,2013,23,152,2.8
Burundi,2012,19,164,2.8
Haití,2012,19,164,2.8
Libia,2014,18,165,2.81
Portugal,2019,62,30,2.819093
Bulgaria,2014,43,68,2.82
Ghana,2015,47,56,2.82
Myanmar,2015,22,147,2.82
Nigeria,2014,27,135,2.82
Cambodia,2016,21,156,2.82
Guinea Ecuatorial,2018,16,172,2.82
Paraguay,2019,28,137,2.835402
Finlandia,2017,85,3,2.84
Vietnam,2018,33,117,2.84
Vietnam,2019,37,96,2.841134
Japón,2018,73,18,2.85
Bolivia,2016,33,113,2.85
Paraguay,2015,27,130,2.85
Turkmenistán,2014,17,168,2.85
Bután,2018,68,25,2.86
Malasia,2018,47,61,2.86
Ecuador,2015,32,106,2.86
Haití,2014,19,160,2.86
Jordán,2014,49,54,2.87
Myanmar,2014,21,155,2.87
Mozambique,2017,25,153,2.87
Camerún,2014,27,135,2.87
Malasia,2014,52,50,2.88
Moldova,2015,33,102,2.88
Madagascar,2016,26,145,2.88
Estonia,2014,69,27,2.89
Montenegro,2016,45,64,2.89
Hungria,2017,45,66,2.89
Hungria,2016,48,57,2.89
Ghana,2016,43,70,2.89
Serbia,2018,39,87,2.89
Irán,2018,28,138,2.89
Luxemburgo,2013,80,11,2.9
España,2012,65,30,2.9
Israel,2012,60,38,2.9
Republica Checa,2012,49,53,2.9
Cuba,2016,47,60,2.9
China,2013,40,79,2.9
China,2012,39,79,2.9
Marruecos,2013,37,90,2.9
Indonesia,2012,32,117,2.9
Guayana,2013,27,135,2.9
Ecuador,2012,32,117,2.9
Bosnia y Herzegovina,2013,42,71,2.9
Paraguay,2012,25,149,2.9
Camerún,2013,25,143,2.9
Turkmenistán,2013,17,167,2.9
Turkmenistán,2012,17,169,2.9
Sudán,2012,13,172,2.9
Guinea Bissau,2019,18,168,2.909114
Egipto,2014,37,93,2.91
Zambia,2016,38,87,2.91
Argentina,2017,39,85,2.92
Serbia,2014,41,77,2.92
Finlandia,2019,86,3,2.924511
Slovenia,2015,60,34,2.93
Republica Checa,2014,51,52,2.94
Algeria,2016,34,108,2.94
Sierra Leona,2016,30,123,2.94
Chad,2018,19,165,2.94
Burundi,2015,21,150,2.94
Letonia,2018,58,41,2.95
Mauritania,2018,27,144,2.95
Paraguay,2014,24,149,2.95
Chad,2014,22,153,2.95
Japón,2015,75,18,2.96
Letonia,2016,57,44,2.96
Guatemala,2014,32,114,2.96
Francia,2016,69,23,2.97
Burkina Faso,2015,38,76,2.97
Mozambique,2019,26,146,2.977371
Costa Rica,2017,59,38,2.98
Grecia,2017,48,59,2.98
Armenia,2015,35,95,2.98
Eswatini,2014,43,68,2.98
Niger,2018,34,114,2.98
Bolivia,2017,33,112,2.98
Bolivia,2014,35,102,2.98
Kenya,2014,25,144,2.98
Somalia,2016,10,176,2.98
Iraq,2019,20,162,2.980012
Jordán,2017,48,59,2.99
Madagascar,2015,28,123,2.99
Sudán,2016,14,170,2.99
Bolivia,2019,31,123,2.996561
Guinea Ecuatorial,2019,16,173,2.997751
Finlandia,2012,90,1,3
Estonia,2012,64,32,3
Portugal,2013,62,33,3
Republica Checa,2013,48,56,3
Malasia,2015,50,54,3
Granada,2018,52,53,3
Granada,2017,52,52,3
Jordán,2015,53,45,3
Romania,2016,48,57,3
Romania,2013,43,68,3
Pakistán,2013,28,126,3
Cambodia,2013,20,159,3
Ghana,2014,48,60,3.01
Guayana,2015,29,119,3.01
Panama,2015,39,72,3.01
Papúa Nueva Guinea,2016,28,136,3.01
Japón,2016,72,20,3.02
Azerbaiyán,2014,29,125,3.02
Mexico,2015,31,111,3.02
Kenya,2015,25,139,3.02
Slovenia,2014,58,39,3.03
Jordán,2016,48,57,3.03
Guayana,2014,30,123,3.03
Turquia,2018,41,78,3.03
Malawi,2014,33,109,3.03
Uganda,2014,26,142,3.03
Taiwan,2019,65,28,3.034662
Togo,2015,32,106,3.04
Camerún,2016,26,145,3.04
Perú,2015,36,88,3.05
Paraguay,2018,29,132,3.05
Honduras,2016,30,123,3.05
Libia,2017,17,171,3.05
Yemen,2016,14,170,3.05
Taiwan,2018,63,31,3.06
Perú,2019,36,101,3.065588
Seychelles,2018,66,28,3.08
Somalia,2018,10,180,3.08
Eslovaquia,2016,51,54,3.09
Liberia,2014,37,93,3.09
Botswana,2016,60,35,3.1
Georgia,2017,56,46,3.1
Jordán,2012,48,57,3.1
Croatia,2012,46,61,3.1
Perú,2018,35,105,3.1
Panama,2012,38,82,3.1
Egipto,2013,32,113,3.1
Egipto,2012,32,117,3.1
Zambia,2012,37,87,3.1
Niger,2012,33,112,3.1
Paraguay,2017,29,135,3.1
Paraguay,2013,24,149,3.1
Nigeria,2013,25,143,3.1
Cambodia,2012,22,156,3.1
Haití,2013,19,162,3.1
Romania,2015,46,58,3.11
Barbados,2018,68,25,3.12
Romania,2017,48,59,3.12
Indonesia,2017,37,96,3.12
Pakistán,2015,30,117,3.12
Mauritius,2019,52,56,3.12463
Namibia,2019,52,56,3.132607
Benin,2018,40,85,3.14
India,2015,38,76,3.14
Estados Unidos,2016,74,18,3.15
Marruecos,2019,41,80,3.150518
Hong Kong,2019,76,16,3.152059
Corea del Norte,2019,17,172,3.159824
Islandia,2014,79,12,3.16
Japón,2014,76,15,3.16
Guinea,2015,25,139,3.16
España,2019,62,30,3.166087
Costa Rica,2016,58,41,3.17
Kosovo,2016,36,95,3.17
Libia,2015,16,161,3.18
Uganda,2015,25,139,3.19
Bangladesh,2017,28,143,3.19
Austria,2013,69,26,3.2
Surinam,2013,36,93,3.2
Surinam,2012,37,87,3.2
Marruecos,2012,37,87,3.2
Timor-Leste,2013,30,118,3.2
Tanzania,2014,31,118,3.2
Madagascar,2012,32,117,3.2
Letonia,2017,58,40,3.21
Jordán,2018,49,58,3.21
Surinam,2015,36,88,3.21
Guinea,2014,25,144,3.21
Sudán del Sur,2016,11,175,3.21
Italy,2019,53,51,3.215638
Namibia,2017,51,53,3.22
Surinam,2018,43,73,3.22
Gabon,2017,32,117,3.22
Líbano,2015,28,123,3.22
Rwanda,2014,49,54,3.23
Haití,2019,18,168,3.234971
Estados Unidos,2017,75,16,3.24
Barbados,2017,68,25,3.24
Pakistán,2014,29,125,3.24
Liberia,2017,31,122,3.24
Irlanda,2018,73,18,3.25
Estados Unidos,2018,71,22,3.25
Croatia,2014,48,60,3.25
Romania,2018,47,61,3.25
Surinam,2014,36,99,3.25
El Salvador,2017,33,112,3.25
Niger,2016,35,101,3.25
Azerbaiyán,2015,29,119,3.25
Honduras,2019,26,146,3.254164
Camerún,2015,27,130,3.26
Niger,2017,33,112,3.27
Taiwan,2017,63,29,3.28
Irán,2015,27,130,3.28
República Centroafricana,2017,23,156,3.28
Argentina,2019,45,66,3.288657
Italy,2018,52,53,3.29
Togo,2017,32,117,3.29
Burundi,2017,22,157,3.29
Jordán,2019,48,60,3.292418
Croatia,2013,48,56,3.3
Bulgaria,2013,41,76,3.3
Ghana,2013,46,62,3.3
Brazil,2012,43,68,3.3
Algeria,2012,34,104,3.3
Kazajstán,2013,26,139,3.3
Mali,2013,28,126,3.3
Liberia,2013,38,82,3.3
República Dominicana,2014,32,114,3.3
Líbano,2013,28,126,3.3
Uganda,2013,26,139,3.3
Congo,2012,26,143,3.3
República Democrática del Congo,2012,21,159,3.3
Libia,2013,15,171,3.3
Afganistán,2013,8,174,3.3
Afganistán,2012,8,173,3.3
Alemania,2019,80,9,3.30976
Liberia,2018,32,120,3.31
Eslovaquia,2017,50,54,3.32
Turquia,2019,39,91,3.337019
Reino Unido,2019,77,12,3.337237
Guayana,2019,40,85,3.337288
Italy,2016,47,60,3.34
Islas Salomón,2016,42,72,3.34
Letonia,2014,55,43,3.35
Indonesia,2018,38,89,3.35
Perú,2017,37,96,3.35
Kazajstán,2016,29,131,3.35
República Democrática del Congo,2015,22,147,3.35
Corea del Norte,2014,8,173,3.35
Portugal,2014,63,31,3.36
Jamaica,2018,44,70,3.37
Mali,2014,32,114,3.37
Líbano,2014,27,135,3.37
Macedonia del Norte,2018,37,93,3.38
Madagascar,2014,28,132,3.38
Corea del Norte,2015,8,167,3.38
San Vicente y las Granadinas,2018,58,41,3.39
San Vicente y las Granadinas,2017,58,40,3.39
Indonesia,2015,36,88,3.39
Seychelles,2019,66,27,3.396858
Malasia,2013,50,52,3.4
Malasia,2012,49,53,3.4
Namibia,2013,48,56,3.4
Benin,2013,36,93,3.4
Serbia,2013,42,71,3.4
Togo,2012,30,127,3.4
Corea del Norte,2013,8,174,3.4
Corea del Norte,2012,8,173,3.4
Cambodia,2019,20,162,3.409514
Suecia,2014,87,4,3.41
Chipre,2019,58,41,3.413456
Liberia,2016,37,90,3.43
Sierra Leona,2015,29,119,3.44
Sudáfrica,2019,44,70,3.442128
Hungria,2014,54,47,3.45
Ecuador,2018,34,114,3.46
Guatemala,2015,28,123,3.46
Sierra Leona,2019,33,119,3.465013
Estados Unidos,2015,76,16,3.47
Kuwait,2018,41,78,3.47
Austria,2014,72,23,3.49
Tanzania,2015,30,117,3.49
Panama,2014,37,93,3.49
Honduras,2014,29,125,3.49
Afganistán,2015,11,166,3.49
Irlanda,2012,69,25,3.5
Mauritius,2012,57,42,3.5
Namibia,2012,48,57,3.5
Hungria,2012,55,45,3.5
Armenia,2013,36,93,3.5
Indonesia,2013,32,113,3.5
Azerbaiyán,2013,28,126,3.5
República Dominicana,2013,29,122,3.5
Mauritania,2012,31,122,3.5
Camerún,2012,26,143,3.5
Sudán,2013,11,173,3.5
Irán,2017,30,130,3.51
Japón,2019,73,20,3.510482
Letonia,2019,56,44,3.526914
Chipre,2018,59,38,3.54
Lesoto,2014,49,54,3.55
Sudán,2014,11,172,3.55
Ecuador,2014,33,109,3.56
Guinea Ecuatorial,2017,17,171,3.56
Macedonia del Norte,2019,35,106,3.56274
Marruecos,2014,39,79,3.57
Indonesia,2014,34,106,3.57
Guayana,2016,34,108,3.57
Albania,2015,36,88,3.58
Bolivia,2015,34,98,3.58
Jamaica,2019,43,74,3.583508
Kazajstán,2017,31,122,3.59
Bután,2012,63,33,3.6
Slovenia,2013,57,42,3.6
Letonia,2013,53,48,3.6
Grecia,2012,36,93,3.6
Belarusia,2012,31,122,3.6
Hungria,2013,54,46,3.6
Romania,2014,43,68,3.6
Lesoto,2013,49,54,3.6
Ecuador,2013,35,101,3.6
Kazajstán,2018,31,124,3.6
Bolivia,2018,29,132,3.6
Guinea,2013,24,149,3.6
Georgia,2016,57,44,3.61
Irlanda,2019,74,18,3.610982
Mauritania,2016,27,142,3.62
Irán,2019,26,146,3.626302
Eslovaquia,2015,51,50,3.63
Cuba,2015,47,56,3.64
Sudán,2015,12,165,3.64
Costa Rica,2018,56,48,3.65
Burundi,2014,20,158,3.65
Lesoto,2018,41,78,3.67
Irlanda,2017,74,19,3.68
Marruecos,2018,43,73,3.68
Armenia,2014,37,93,3.69
Serbia,2016,42,72,3.69
Togo,2014,29,125,3.69
Myanmar,2016,28,136,3.69
Romania,2012,44,65,3.7
Brazil,2013,42,71,3.7
Niger,2013,34,105,3.7
Bolivia,2013,34,105,3.7
Bolivia,2012,34,104,3.7
Togo,2013,29,122,3.7
Myanmar,2012,15,171,3.7
Islas Salomón,2017,39,85,3.71
Italy,2017,50,54,3.72
Namibia,2018,53,52,3.72
Hungria,2015,51,50,3.73
Tunisia,2017,42,74,3.73
Botswana,2019,61,34,3.731927
Estados Unidos,2014,74,17,3.74
España,2014,60,37,3.75
Indonesia,2019,40,85,3.756684
Taiwan,2015,62,31,3.78
España,2017,57,42,3.78
Chipre,2017,57,42,3.78
Taiwan,2016,61,31,3.79
Armenia,2017,35,107,3.79
Lituania,2013,57,42,3.8
Cabo Verde,2012,60,38,3.8
Sudáfrica,2018,43,73,3.8
Bulgaria,2012,41,74,3.8
Ghana,2012,45,63,3.8
Benin,2016,36,95,3.8
Laos,2014,25,144,3.8
Tayikistán,2013,22,153,3.8
Tayikistán,2012,22,156,3.8
Chad,2013,19,162,3.8
Congo,2013,22,153,3.8
Siria,2013,17,167,3.8
Islandia,2016,78,14,3.81
Mauritius,2018,51,56,3.83
Georgia,2019,56,44,3.835593
Lituania,2014,58,39,3.85
Marruecos,2015,36,88,3.85
Tunisia,2018,43,73,3.86
Cambodia,2015,21,150,3.87
Taiwan,2012,61,36,3.9
Slovenia,2012,61,36,3.9
Chipre,2013,63,31,3.9
Tunisia,2016,41,75,3.9
Kuwait,2013,43,68,3.9
Kuwait,2012,44,65,3.9
Burkina Faso,2013,38,82,3.9
Serbia,2015,40,71,3.9
Myanmar,2013,21,156,3.9
Liberia,2012,41,74,3.9
Irán,2013,25,143,3.9
Myanmar,2017,30,130,3.91
Chipre,2014,63,31,3.92
Georgia,2018,58,41,3.92
Belarusia,2018,44,70,3.92
Gabon,2018,31,124,3.92
Vanuatu,2017,43,71,3.93
Belarusia,2016,40,79,3.93
Myanmar,2018,29,132,3.94
Tunisia,2019,43,74,3.941079
Lesoto,2019,40,85,3.949422
Jamaica,2017,44,68,3.96
Costa Rica,2019,56,44,3.971018
Sudáfrica,2017,43,71,3.98
Niger,2014,35,102,3.99
Estados Unidos,2013,73,19,4
Letonia,2012,49,53,4
Namibia,2014,49,54,4
Belarusia,2013,29,122,4
Armenia,2018,35,105,4
Mali,2012,34,104,4
Libia,2012,21,159,4
Armenia,2016,33,113,4.01
Brazil,2014,43,68,4.01
Belarusia,2014,31,118,4.04
Egipto,2017,32,117,4.04
República Centroafricana,2016,20,159,4.04
Brazil,2018,35,105,4.05
Brazil,2019,35,106,4.060288
España,2015,58,37,4.07
Costa Rica,2014,54,47,4.07
Eslovaquia,2014,50,53,4.07
Surinam,2017,41,77,4.08
Lesoto,2017,42,74,4.08
España,2016,58,41,4.09
Azerbaiyán,2018,25,152,4.09
Islandia,2012,82,11,4.1
Estados Unidos,2012,73,19,4.1
Costa Rica,2013,53,48,4.1
Cuba,2012,48,57,4.1
Bahréin,2012,51,52,4.1
Kazajstán,2012,28,132,4.1
Mauritania,2013,30,118,4.1
Bangladesh,2013,27,135,4.1
Bangladesh,2012,26,143,4.1
Eslovaquia,2018,50,57,4.11
Congo,2015,23,146,4.11
Estados Unidos,2019,69,23,4.115168
Belarusia,2017,44,68,4.12
Honduras,2015,31,111,4.12
Bangladesh,2016,26,145,4.13
San Vicente y las Granadinas,2019,59,39,4.14181
Santa Lucia,2019,55,48,4.154687
Niger,2015,34,98,4.16
Papúa Nueva Guinea,2014,25,144,4.16
Taiwan,2014,61,35,4.17
Chipre,2015,61,32,4.17
Benin,2017,39,85,4.17
Kazajstán,2019,34,113,4.176606
Zimbabwe,2014,21,155,4.18
Corea del Norte,2017,17,171,4.18
Cabo Verde,2017,55,48,4.19
Gabon,2014,37,93,4.19
República Democrática del Congo,2014,22,153,4.19
Irlanda,2013,72,21,4.2
Costa de Marfil,2014,32,114,4.2
Papúa Nueva Guinea,2013,25,143,4.2
Papúa Nueva Guinea,2012,25,149,4.2
Congo,2014,23,151,4.2
República Democrática del Congo,2013,22,153,4.2
Belarusia,2019,45,66,4.20046
Togo,2016,32,116,4.21
Myanmar,2019,29,130,4.212792
Cabo Verde,2018,57,45,4.22
Liberia,2015,37,83,4.22
Papúa Nueva Guinea,2015,25,139,4.22
Mauritania,2014,30,123,4.23
Bangladesh,2014,25,144,4.23
Brazil,2017,37,96,4.24
Montenegro,2014,42,75,4.25
Santa Lucia,2018,55,50,4.27
Santa Lucia,2017,55,48,4.27
Djibouti,2019,30,126,4.276603
Cabo Verde,2019,58,41,4.298384
Emiratos Árabes Unidos,2012,68,27,4.3
Taiwan,2013,61,35,4.3
Eslovaquia,2012,46,61,4.3
Benin,2012,36,93,4.3
Bangladesh,2015,25,139,4.3
Zimbabwe,2013,21,156,4.3
Zimbabwe,2012,20,162,4.3
Irlanda,2016,73,19,4.31
Armenia,2019,42,77,4.310598
Islandia,2018,76,14,4.33
España,2018,58,41,4.33
Brazil,2016,40,79,4.34
Belarusia,2015,32,106,4.37
Granada,2019,53,51,4.3738
Islandia,2017,77,13,4.38
Benin,2014,39,79,4.38
Burkina Faso,2012,38,82,4.4
Kazajstán,2014,29,125,4.4
Mauritius,2017,50,54,4.41
Montenegro,2018,45,67,4.43
Benin,2015,37,83,4.43
Cuba,2014,46,62,4.46
Eswatini,2018,38,89,4.48
Macedonia del Norte,2017,35,107,4.49
Timor-Leste,2019,38,93,4.49538
Cuba,2013,46,62,4.5
Grecia,2013,40,79,4.5
Montenegro,2012,41,74,4.5
Trinidad y Tobago,2012,39,79,4.5
Kuwait,2015,49,55,4.51
Islandia,2015,79,13,4.53
Zimbabwe,2015,21,150,4.54
Emiratos Árabes Unidos,2018,70,23,4.56
Eslovaquia,2019,50,59,4.570875
Egipto,2018,35,105,4.59
Lesoto,2012,45,63,4.6
Irán,2012,28,132,4.6
Islandia,2019,78,11,4.627051
Granada,2016,56,46,4.63
Trinidad y Tobago,2015,39,72,4.64
Emiratos Árabes Unidos,2013,69,26,4.7
Eslovaquia,2013,47,60,4.7
Macedonia del Norte,2012,43,68,4.7
Irán,2014,27,135,4.72
Irlanda,2014,74,17,4.75
Rwanda,2019,53,51,4.754766
Surinam,2019,44,70,4.763029
Cabo Verde,2013,58,40,4.8
Timor-Leste,2018,35,105,4.81
Trinidad y Tobago,2014,38,84,4.82
Montenegro,2019,45,66,4.836292
Egipto,2019,35,106,4.863433
Montenegro,2015,44,61,4.87
Burundi,2019,19,165,4.894006
España,2013,59,39,4.9
Kazajstán,2015,28,123,4.9
Irlanda,2015,75,18,4.92
Macedonia del Norte,2016,37,90,4.97
Lesoto,2015,44,61,4.99
Laos,2019,29,130,4.995874
Santo Tomé y Príncipe,2015,42,66,5
Santo Tomé y Príncipe,2013,42,71,5
Santo Tomé y Príncipe,2012,42,71,5
Macedonia del Norte,2013,44,66,5
Laos,2013,26,139,5
Santo Tomé y Príncipe,2018,46,64,5.05
Santo Tomé y Príncipe,2014,42,75,5.05
Emiratos Árabes Unidos,2015,70,23,5.07
Rwanda,2016,54,50,5.07
Mauritania,2015,31,111,5.07
Grecia,2015,46,58,5.08
Trinidad y Tobago,2013,38,82,5.1
Emiratos Árabes Unidos,2019,71,21,5.126294
Azerbaiyán,2016,30,123,5.13
Emiratos Árabes Unidos,2014,70,26,5.14
Timor-Leste,2015,28,123,5.17
Timor-Leste,2014,28,132,5.18
Bahamas,2016,66,24,5.2
Santo Tomé y Príncipe,2017,46,64,5.21
Kuwait,2014,44,66,5.24
Tayikistán,2016,25,151,5.26
Macedonia del Norte,2015,42,66,5.27
Brazil,2015,38,76,5.29
Lituania,2012,54,47,5.3
Laos,2015,25,139,5.31
Siria,2014,20,158,5.31
Djibouti,2017,31,122,5.32
Tayikistán,2014,23,151,5.32
Santo Tomé y Príncipe,2019,46,64,5.363743
Trinidad y Tobago,2019,40,85,5.378127
Djibouti,2018,31,124,5.38
Bahamas,2018,65,29,5.39
Bahamas,2017,65,28,5.39
Bahréin,2013,48,56,5.4
República Centroafricana,2013,25,143,5.4
Trinidad y Tobago,2017,41,77,5.47
Grecia,2014,43,68,5.56
San Vicente y las Granadinas,2014,62,34,5.59
San Vicente y las Granadinas,2013,62,33,5.6
San Vicente y las Granadinas,2012,62,34,5.6
Timor-Leste,2012,33,112,5.6
Azerbaiyán,2017,31,122,5.64
Maldivas,2016,36,95,5.66
Siria,2015,18,154,5.66
Emiratos Árabes Unidos,2016,66,24,5.7
Rwanda,2013,53,48,5.7
Laos,2018,29,132,5.7
Cabo Verde,2016,59,38,5.72
Tayikistán,2018,25,152,5.73
Eritrea,2017,20,165,5.74
Trinidad y Tobago,2018,41,78,5.8
Eswatini,2017,39,85,5.81
Bahamas,2019,64,29,5.825616
Laos,2017,29,135,5.89
Macedonia del Norte,2014,45,63,5.92
Chipre,2016,55,47,5.94
Cabo Verde,2014,57,42,5.94
Bahréin,2016,43,70,5.96
Vanuatu,2018,46,64,5.97
Timor-Leste,2016,35,101,5.97
Gambia,2019,37,96,5.980328
Georgia,2012,52,50,6
Rwanda,2017,55,48,6
Barbados,2019,62,30,6.05961
Rwanda,2018,56,48,6.07
Eswatini,2019,34,113,6.075864
Bahréin,2014,49,54,6.11
Brunei Darussalam,2019,60,35,6.118152
Arabia saudita,2017,49,57,6.14
Lesoto,2016,39,83,6.15
Cabo Verde,2015,55,40,6.16
Laos,2016,30,123,6.19
Gambia,2017,30,130,6.22
Eritrea,2016,18,164,6.24
Emiratos Árabes Unidos,2017,71,21,6.26
Rwanda,2012,53,49,6.3
Arabia saudita,2018,49,58,6.34
Vanuatu,2019,46,64,6.376219
Qatar,2012,68,27,6.4
Arabia saudita,2012,44,65,6.4
Rwanda,2015,54,43,6.42
Georgia,2014,52,50,6.47
Georgia,2015,52,48,6.53
Oman,2014,45,63,6.55
Brunei Darussalam,2018,63,31,6.62
Qatar,2015,71,22,6.63
Eritrea,2019,23,160,6.657395
Tayikistán,2019,25,153,6.659976
Gambia,2015,28,123,6.67
Arabia saudita,2014,49,54,6.69
Oman,2015,45,60,6.69
Barbados,2012,76,15,6.7
Arabia saudita,2013,46,62,6.7
Gambia,2013,28,126,6.7
Santa Lucia,2016,60,35,6.8
Georgia,2013,49,54,6.9
Barbados,2016,61,31,6.91
Costa Rica,2012,54,47,7
Oman,2017,44,68,7
Gambia,2012,34,104,7
Qatar,2016,61,31,7.02
Arabia saudita,2015,52,48,7.03
Oman,2016,45,64,7.07
Barbados,2013,75,15,7.1
Azerbaiyán,2019,30,126,7.161777
Qatar,2013,68,28,7.2
Gambia,2016,26,145,7.2
Qatar,2014,69,27,7.21
Tayikistán,2015,26,136,7.36
Islas Salomón,2018,44,70,7.38
Qatar,2017,63,29,7.5
Timor-Leste,2017,38,91,7.5
Comoras,2013,28,126,7.5
Comoras,2012,28,132,7.5
Surinam,2016,45,64,7.53
Arabia saudita,2016,46,62,7.54
Gambia,2014,29,125,7.55
Arabia saudita,2019,53,51,7.561369
Oman,2012,47,60,7.6
Bahréin,2019,42,77,7.645793
Oman,2013,47,60,7.8
Bahréin,2015,51,50,7.86
Eritrea,2014,18,165,7.91
Qatar,2019,62,30,7.997069
Seychelles,2012,52,50,8
Qatar,2018,62,33,8.08
Barbados,2014,74,17,8.09
Eritrea,2015,18,154,8.15
Seychelles,2013,54,46,8.2
Djibouti,2016,30,123,8.23
Eritrea,2018,24,157,8.24
Seychelles,2017,60,36,8.32
Seychelles,2015,55,40,8.5
Djibouti,2013,36,93,8.6
Djibouti,2012,36,93,8.6
Seychelles,2014,55,43,8.62
Islas Salomón,2019,42,77,8.689651
Brunei Darussalam,2017,62,32,8.72
Comoras,2014,26,142,8.75
Comoras,2015,26,136,8.76
Brunei Darussalam,2016,58,41,8.85
Comoras,2017,27,148,8.87
Comoras,2019,25,153,8.904729
Comoras,2018,27,144,9
Djibouti,2015,34,98,9.07
Brunei Darussalam,2012,55,45,9.1
Djibouti,2014,34,106,9.1
Eritrea,2012,25,149,9.2
Gambia,2018,37,93,9.44
Oman,2018,52,53,9.46
Oman,2019,52,56,9.778998
Brunei Darussalam,2013,60,37,10.4
Eritrea,2013,20,159,11
Comoras,2016,24,153,12.81
